date,Equity,Rates,Credit,Commodity,Liquidity,FX
2015-01-09,-0.006505632540949824,-0.0015199995040893555,0.0019842157451654407,-0.04807687994087695,0.00067454093905448,0.009442255084126883
2015-01-16,-0.012416808368938992,-0.0015599989891052245,0.004017550258244379,-0.009037764198271736,-0.009686614454942778,0.006308398806382343
2015-01-23,0.01604422245446413,1.999974250793457e-05,-0.0008384705743394449,-0.029889669257251228,0.010238665296653245,0.026805052387768757
2015-01-30,-0.027697398520154404,-0.0014200007915496826,0.002386900964404415,0.026175811600119614,-0.012935172585286304,-0.0021052310341282965
2015-02-06,0.030315931791539796,0.002630000114440918,-0.008671334246758144,0.0531975245739027,0.00877443614288434,-0.001054916669791961
2015-02-13,0.020199769455667038,0.0008299994468688965,-0.002071122421776983,0.03796200490544721,0.007518800455380842,-0.005279831215551867
2015-02-20,0.006347220852619406,0.001119999885559082,-0.002148494778672516,-0.023052130406251536,0.0013274315887974342,0.0005308179764091925
2015-02-27,-0.002748447469043902,-0.0013099980354309081,0.001180905373793617,0.012182465442145629,0.003356643445253127,0.010610079575596787
2015-03-06,-0.015794720947671648,0.0023799991607666017,-0.0022636216757334904,-0.02245748664511804,-0.006971512876318875,0.024881918599286346
2015-03-13,-0.008622822503050243,-0.0012800002098083496,0.003694245143659125,-0.04475689137504524,-0.0026315796078077106,0.027760694614071157
2015-03-20,0.026638841878810382,-0.001820000410079956,0.003440582462016284,0.012253736492761957,0.009312498569488526,-0.02412038398065952
2015-03-27,-0.02233294243349393,0.00018000006675720215,-0.0005213291513226359,0.01140210933580943,-0.007872500633585444,-0.006332373847331096
2015-04-03,0.002882039645399015,-0.0004399991035461426,1.394626227224638e-06,-0.0043207029159818555,0.0013271387744873465,0.0015417979696510375
2015-04-10,0.01698150826314504,0.00046999931335449217,-0.0030224433862239553,0.028431039383940204,0.007123381532782797,0.020012283450165036
2015-04-17,-0.00993317334952526,-0.0010099995136260986,0.002739338955591447,0.04689962064867159,-0.0052066789648706705,-0.0188147978475266
2015-04-24,0.01754293764347592,0.0006700003147125244,-0.0015993012282541907,0.00859378297025648,0.0057595404676821504,-0.0061525686502753585
2015-05-01,-0.004438752888209829,0.0020000004768371583,-0.0035368061145667207,0.019314622399475567,-0.00166802216714691,-0.01671476627933499
2015-05-08,0.0037044516878821376,0.00032999992370605466,-0.0009389761514032313,0.0010815199532490105,-0.0006299206685632553,-0.005351543755496846
2015-05-15,0.003133066729614109,-9.000062942504883e-05,0.00021561202288064574,0.01451691891353546,0.001866250214039078,-0.01740691539131134
2015-05-22,0.0015687714196530589,0.0007399988174438477,-0.0007859225390305369,-0.019589175833133354,0.001009693043978177,0.03081385833572381
2015-05-29,-0.008781579777183746,-0.0011999988555908203,0.0015146014167425892,-0.006426348935258064,-0.007048639826932879,0.00937403922355795
2015-06-05,-0.006908932468738804,0.0030699992179870606,-0.0025794003916516928,-0.014142867081625266,-0.001336704774132158,-0.006191374273471606
2015-06-12,0.0006116260035893273,-0.0001699995994567871,0.0009103158181824889,0.011666022306426216,0.0015130200704484122,-0.013913366959389495
2015-06-19,0.0075831174092608755,-0.0011800003051757812,0.0017809926133398601,-0.01456854974428734,-0.0006531215844115646,-0.00926613532169418
2015-06-26,-0.00402845512980643,0.002090001106262207,-0.002111624938505169,0.009709193743312916,-0.00021490121580495237,0.014666860840941043
2015-07-03,-0.011758305322569829,-0.0008300018310546875,0.0013416316942998496,-0.0044292300891253245,-0.009878745960488766,0.006703670068767709
2015-07-10,-7.700002268851147e-05,0.00024000167846679687,-0.0002122257217475887,-0.04225349041152482,-0.00011911556282798719,-0.0008323986114517901
2015-07-17,0.02408710913307055,-0.0006800007820129395,0.0013131233988365743,-0.025873687580011517,0.014497920785986301,0.019056564139509513
2015-07-24,-0.02209588487377101,-0.0007800006866455078,0.005819790390487273,-0.04469645404798439,-0.00748953970888433,-0.006335609469804604
2015-07-31,0.011631854726900315,-0.0006599998474121093,-0.0005507220946392999,-0.02136356676154083,0.005895196188301122,0.0013369486391252572
2015-08-07,-0.012486699765089648,-0.00029999971389770507,0.002828708829575338,-0.034251258755313874,-0.005239275865327653,0.0019512663721106271
2015-08-14,0.006724187509187907,0.00021000146865844725,0.0005522275889625616,-0.001094697606488948,0.002091114284011042,-0.010147579833373221
2015-08-21,-0.0576847787566821,-0.0014200019836425781,0.005932963019008225,-0.046326240126745466,-0.05923616856323724,-0.018017995953900634
2015-08-28,0.009122772115701894,0.0013200020790100097,-0.005210494048280501,0.05038639879062323,0.003531932574172758,0.013497825103676142
2015-09-04,-0.0340143018800364,-0.000580000877380371,0.0014515747224662645,-0.0021331841715214184,-0.0033589252423284702,0.001248597917177685
2015-09-11,0.020731659431180605,0.0005500006675720215,-0.002481896155116625,-0.0038369663584826297,0.008273378777630997,-0.010807449644055445
2015-09-18,-0.001540001252418155,-0.0005299997329711914,0.003309437599390508,-0.016177414540580193,0.001982758719912603,-0.0034667698559817106
2015-09-25,-0.013631079747100094,0.00037999868392944334,0.00443696368496635,0.012360562300400169,-0.0030071815783001225,0.014863968202009303
2015-10-02,0.01036587026911473,-0.0017900002002716065,0.007424566514064285,-0.010386480108821705,0.005673158784830008,-0.0045704251309268695
2015-10-09,0.03255679616973861,0.0011000001430511474,-0.010105173004611084,0.059371916297758176,0.009216811155457017,-0.01064389286206191
2015-10-16,0.009042662661814749,-0.0007599997520446778,0.0008736841760077496,-0.027165888114057513,0.005942622195664266,-0.002847765531262092
2015-10-23,0.02067764031217334,0.0005999994277954101,-0.0028852028729331736,-0.032826834044826114,0.001960133372460382,0.026761146126468294
2015-10-30,0.0020288679258158027,0.0006800007820129395,-0.00031268907673906443,0.017782649104252757,-0.002109265750580924,-0.0012362495823561304
2015-11-06,0.009541321716803886,0.0018199992179870606,-0.0016121848827944096,-0.026854528120356047,0.002455208314875801,0.022795325254595156
2015-11-13,-0.036280446780145414,-0.0005299997329711914,0.005574183609326683,-0.040149236551444534,-0.020062805410374775,-0.0017144593794000684
2015-11-20,0.032688370736915884,-0.00017999887466430665,0.0008366243997531275,-0.005184428268726227,0.011479082854066076,0.005859196318529936
2015-11-27,0.0004500282801465083,-0.00037000179290771487,0.00018296399015582665,-0.0012732224156906113,0.0011312229328647172,0.004519402928807814
2015-12-04,0.0007558616068910062,0.0005000019073486328,-0.0008747856176589963,-0.017581378170499762,0.001025130516827777,-0.01669664292136408
2015-12-11,-0.03792146470606228,-0.001360001564025879,0.012285851262299669,-0.052631496543932066,-0.03234300708507232,-0.007930846887629794
2015-12-18,-0.003389012112887002,0.0005999994277954101,-0.0012470730437194877,-0.02080147330523774,0.007564573019782622,0.011581400604205427
2015-12-25,0.02764325998179129,0.0004400014877319336,-0.0050478794219607215,0.021536142365453204,0.01198067828263441,-0.00729476812128127
2016-01-01,-0.008272747033665206,0.00026000022888183593,-0.001176022842654112,-0.007515734517196226,-0.007846249521193683,0.006633944419419002
2016-01-08,-0.05964456667229656,-0.0013899993896484375,0.006982363929269458,-0.05159629997492199,-0.02416255240757477,-0.0009124641630009478
2016-01-15,-0.021695848975597065,-0.000970001220703125,0.007021413577156577,-0.05548598805728888,-1.8512085888733322e-05,0.004262209915193216
2016-01-22,0.014130535055200788,0.00015000104904174804,-0.0032298466620093724,0.03950996972728982,0.008660252083435982,0.00616411293446828
2016-01-29,0.017483856202978876,-0.0011700010299682618,0.0014150286652700461,0.0360785691946619,0.004789613641521257,0.0004017366239825737
2016-02-05,-0.031021905387579984,-0.0008299994468688965,0.006583088885709798,-0.030032921063035234,-0.007871282865645802,-0.025901032177953587
2016-02-12,-0.008122134589325536,-0.0010000002384185792,0.004087044665642803,0.011452462522733242,-0.004319932699470286,-0.010821348403307618
2016-02-19,0.02842158279654239,0.0,-0.0032014186899060604,-0.004237575271017091,0.009586612214615776,0.006459628000655915
2016-02-26,0.015783885048770818,0.0001399993896484375,-0.005345885484711321,0.02134609600366555,0.0017535343317632624,0.01604558049939353
2016-03-04,0.02666252924943846,0.0012100005149841308,-0.009041667429753236,0.048933308919270724,0.007445731789802668,-0.008252727207291088
2016-03-11,0.011100031140292677,0.0009399998188018799,-0.005575801816662035,0.05316515627215379,0.0010676174297720165,-0.012019706317678125
2016-03-18,0.013544789318703954,-0.0010599994659423828,0.0013765348778081998,0.011737678669547336,0.007515150127988874,-0.012269942057218652
2016-03-25,-0.006655088456572145,0.00028999924659729005,0.002842594520281988,-0.0220399176853604,-0.002567757809721705,0.012106553866104708
2016-04-01,0.018094879490982985,-0.0010799992084503174,0.0013327116983634646,-0.03510112420200917,0.0055630916387864665,-0.01581024186307689
2016-04-08,-0.012147962328389994,-0.0007200002670288086,0.0011960773926561474,0.03988620531173703,-0.008625951180903568,-0.004016115744894355
2016-04-15,0.016179920530294156,0.00031999945640563964,-0.00367386558017177,0.021974382188760355,0.005664061881543592,0.004881144894948175
2016-04-22,0.005214563041863629,0.0013600003719329834,-0.00535818374447683,0.03488479103740705,0.0014684273931396376,0.004435119449575087
2016-04-29,-0.01256467757162505,-0.000690000057220459,-6.25576292212493e-07,0.03572042152809063,-0.009379725764535508,-0.021446602781985846
2016-05-06,-0.003951075416199323,-0.00039999961853027344,0.004108927468640083,-0.027163531659626705,0.0031210176883505305,0.008702165262780559
2016-05-13,-0.0051187122784176475,-0.0007400000095367431,0.0003297074403727507,0.03165822331326451,-0.0010869554654186486,0.007668561352472514
2016-05-20,0.002790020105775781,0.0014399993419647217,-0.003927867555361897,0.015426259409031085,-0.0005319143876925781,0.007398762749459165
2016-05-27,0.022774220724615768,1.999974250793457e-05,-0.0017223707981402492,0.012469418029018131,0.006842105098048074,0.0022033269316112936
2016-06-03,3.326451687946097e-05,-0.0014699995517730713,0.002651202411649678,0.0057545017284101885,-0.001333842928821083,-0.01559880565466587
2016-06-10,-0.0014576584699110828,-0.0006499993801116944,0.0003048261204628977,0.01935730967493421,-0.013214552149381498,0.006061891973029754
2016-06-17,-0.011855566295882691,-0.00021000027656555175,0.002693093197035895,-0.011566919029405653,-0.006987666074003552,-0.004122615179059763
2016-06-24,-0.016323682178460253,-0.0003900003433227539,0.0007354577450501831,-0.020220233498137175,-0.016357548767102017,0.013162062157093368
2016-07-01,0.03216825081485153,-0.0012300002574920654,-0.002544561846242299,0.019527100291273802,0.021331521105338144,0.002095385898704283
2016-07-08,0.012815307923451646,-0.0008999991416931152,-0.0017450464084596273,-0.04887895488564176,0.005314829383344006,0.006795624835437497
2016-07-15,0.014949100591810982,0.0022799992561340333,-0.004247042844562843,0.008602353085574777,0.0020075747751116704,0.002907567709487857
2016-07-22,0.006147843460609259,-0.00023999929428100586,-0.0011297550424292369,-0.033479166208914224,0.002565112922715951,0.009215151923534837
2016-07-29,-0.0006574307579041427,-0.0011200010776519775,0.004323258478392683,-0.027590765597491962,0.0006239624230118257,-0.019903584868265933
2016-08-05,0.0042648229272925775,0.0012400007247924804,-0.0037934146103317246,0.007748983294368017,0.0020219020508175866,0.006908862875987021
2016-08-12,0.0005405413869266074,-0.0006700003147125244,-0.0011331497032699978,0.03242404577806268,-0.0007023698094351105,-0.004886175369310575
2016-08-19,-8.238439440599876e-05,0.0006299996376037597,-0.00196791484045597,0.04904850352207002,0.0009090910592167323,-0.01264102663018929
2016-08-26,-0.006790732657718235,0.0005700004100799561,-0.0008294586598902587,-0.019895246378941578,-0.010185182693384798,0.01121571827991108
2016-09-02,0.005043678866794243,-0.0003900003433227539,-0.0016013386228394544,-0.04376570448642936,0.006117216567635914,0.003243670185033354
2016-09-09,-0.02393137659171629,0.0007600009441375733,0.0021299563971666213,0.021861848315028576,-0.023038400119726733,-0.005632049760077473
2016-09-16,0.00533405388783903,0.00028999924659729005,-0.00020532658227506717,-0.018800865678351375,0.006085714612688337,0.008076403419735811
2016-09-23,0.011934605333782766,-0.0008599996566772461,-0.0012583356075270835,0.009853469163000339,0.010019518369027043,-0.006554960455906089
2016-09-30,0.001653852617190088,-6.999969482421876e-05,-0.000880903094436225,0.036810521111543704,-0.004068348263238009,-0.0002095126912192713
2016-10-07,-0.006701208413155246,0.001279999017715454,-0.0032331642544680406,0.020138821613046698,-0.0007148215986782059,0.011104101914517717
2016-10-14,-0.009639051073832672,0.000580000877380371,-0.00013972819416202542,0.010274084476754153,-0.009792290009822558,0.015540821095829882
2016-10-21,0.0038349781599109622,-0.0005400002002716065,-0.0002656541495860143,0.00039931287313210717,0.008622830464994296,0.006937363073495684
2016-10-28,-0.00688878953719485,0.0010500001907348634,0.0013806758019126175,-0.015354699644513858,-0.010682160228149773,-0.003546083940657363
2016-11-04,-0.019389479062317916,-0.0006200003623962402,0.004236573478730965,-0.05651199456834799,-0.019518219537823168,-0.013014731053947903
2016-11-11,0.03801591331683318,0.003340001106262207,-0.0032268178714926765,0.006015485725580083,0.018525100106145522,0.017719184362940066
2016-11-18,0.008062071919208602,0.002179999351501465,-0.006881800651233727,0.024231147358361405,0.004657726491591713,0.024496387757042104
2016-11-25,0.01441413296673999,0.00036999940872192385,-0.00391188710790738,0.015095558428594558,0.0019844366293454707,0.00276651301086539
2016-12-02,-0.009668667648663365,0.00018000125885009766,-0.00021260881569651335,0.05819685366573646,-0.007212316494979532,-0.0070943071815765535
2016-12-09,0.030831031561131095,0.0007399988174438477,-0.00465242222861359,0.011516813377027812,0.008392350937562498,0.00793890124449903
2016-12-16,-0.0006461347796091754,0.0013299989700317383,-0.0009989448929656475,0.006703497957569526,-0.0019148928053835613,0.013586661982517345
2016-12-23,0.00253312365425451,-0.000539999008178711,-0.0012621100938149388,-0.0039901815705190025,0.003114755085097065,0.0005828575985140638
2016-12-30,-0.011025740243930326,-0.0009699988365173339,0.0022125835844860886,0.016101450209836,-0.01136363844771493,-0.00601885966143445
2017-01-06,0.017040106221772877,-0.00028000116348266604,-0.001320500945684866,-5.0275064380489454e-05,0.009686610663885703,-0.0016603005172250995
2017-01-13,-0.0010277156192401993,-0.00037999868392944334,0.00045595911649226606,0.004194116877927145,0.00039752718645849616,-0.010174143055250773
2017-01-20,-0.0014638950082779267,0.0008699989318847656,-0.0010085927752080115,-0.0011004187437534396,-0.0013802334472533984,-0.004348709627190472
2017-01-27,0.010293567240650336,0.0001399993896484375,-0.0014141696094583933,-0.0048571703853652615,0.004159445586310129,-0.002084565107462466
2017-02-03,0.0011896947031881933,9.999990463256836e-05,-0.0001314746471377526,0.007321316459537153,-0.0018431018248350806,-0.006565165032616727
2017-02-10,0.008130936623029106,-0.0008200001716613769,0.0008590324755860523,0.01860727708326415,0.0005469456820331675,0.009312108537091301
2017-02-17,0.015137434901282276,0.00016000032424926759,-0.0007805202782475984,-0.011769580342318009,-0.002949305839387184,0.0014880346422940782
2017-02-24,0.006881784474937591,-0.001080000400543213,0.0007478058347398231,-0.0029774761448673193,8.703004563858641e-05,0.001386819156816932
2017-03-03,0.006665721320562534,0.0017500019073486328,-0.003572057193230088,-0.008137742634804046,0.002223191878852271,0.004451524324252443
2017-03-10,-0.0044143891259940116,0.0008999991416931152,0.0033912871549882373,-0.04641710184996739,-0.0031934297756785694,-0.0028560263237401573
2017-03-17,0.0023813125310629957,-0.0008100008964538574,-0.00045655851964482297,0.00805135393951062,0.0016295030849646952,-0.009382685908564836
2017-03-24,-0.01440976328445287,-0.001009998321533203,0.0025084577840382427,-0.013024614475808494,-0.007446810039654417,-0.006680017726361398
2017-03-31,0.00799494466272166,-4.0001869201660157e-05,-0.002474682269903883,0.026683934645751473,0.002276235149889122,0.007226751385646768
2017-04-07,-0.003038841559581118,-0.00023000001907348634,0.0004727797940468348,0.017979524404668545,-0.0020210186120684925,0.008271069692828537
2017-04-14,-0.011288319217536147,-0.0014099979400634766,0.0036349114628581036,0.016143659332409577,-0.012004662704212833,-0.006127720347025134
2017-04-21,0.008475918610634903,4.9998760223388674e-05,-0.0011593399937752658,-0.04619251061614005,0.004166666417691545,-0.0057676433546272055
2017-04-28,0.015119070908254484,0.00045000076293945314,-0.0022090622527120574,-0.0006788235032598733,0.013021190669219274,-0.009301863112122888
2017-05-05,0.0063292040095914714,0.0006999993324279786,-0.0005867350185798093,-0.029730581529023414,0.001155268054765235,-0.004038379743107057
2017-05-12,-0.0034969247494681666,-0.0001699995994567871,-0.0006700851693555165,0.021836842757443353,0.0008041631088087364,0.00608209290259043
2017-05-19,-0.0038353432805827703,-0.0009000015258789063,0.0014563441053153103,0.03040845466382569,-0.007884617324411591,-0.02115867480222766
2017-05-26,0.014313162352650677,5.000114440917969e-05,-0.0012224148109886979,-0.014167370151040304,0.009260795470522238,0.0025733401551559787
2017-06-02,0.00962406112297498,-0.0009100008010864258,0.0006204472350118673,-0.028949425842047627,0.00030581252319173416,-0.0069815225310351225
2017-06-09,-0.0029929639672202635,0.00039999961853027344,1.3235872208527955e-05,-0.012101295142419088,-0.004871793893667365,0.0056864703827728125
2017-06-16,0.000567439684434401,-0.0004199981689453125,0.001530083567341578,-0.015251032065366932,0.0014953257034038938,-0.0011308007068269177
2017-06-23,0.0021166581144114183,-0.00013000011444091797,6.720648225477799e-05,-0.028475781235138498,0.001734102373353569,0.0014409158539692157
2017-06-30,-0.006106769643016818,0.0015799999237060547,-0.0032985311491335045,0.05251559562154684,-0.0057884221278319496,-0.016855080557151236
2017-07-07,0.0007303838786849592,0.0009099984169006348,-0.00042600683071392087,-0.01844888293438174,-4.471947645158237e-05,0.0036587754622858792
2017-07-14,0.014056725212781673,-0.0007399988174438477,-0.0011651301852896867,0.021750380227755883,0.007506699796694355,-0.00937403922355795
2017-07-21,0.005395918067500061,-0.0008699989318847656,0.001173972839085602,-0.006131789427888945,0.0007886465225786177,-0.012301526247892491
2017-07-28,-0.00017793095331097852,0.0005699992179870605,-0.0012540982746825635,0.041625080503603806,-0.004967950530384568,-0.007238666036866737
2017-08-04,0.0019133450434447585,-0.0002200007438659668,0.0007633593826660845,-0.005457517402644774,0.001263363604692447,0.003002345838335474
2017-08-11,-0.01433687764019187,-0.0007800006866455078,0.004754612634430305,-0.003927101316674175,-0.027318049061838313,-0.005024601412261798
2017-08-18,-0.006459628024869324,5.000114440917969e-05,-0.00035443641122517855,-0.0060574603765503054,0.004029658225511568,0.0038680628723757327
2017-08-25,0.00721485834046387,-0.0002500009536743164,-0.001585676075554654,-0.004255529968361649,0.01044880942524471,-0.007385234283982189
2017-09-01,0.013712367462987096,-0.00011999845504760742,-0.001074414850398664,0.019310946476453816,0.0050975161602568545,0.0007547950877360154
2017-09-08,-0.006105314606766998,-0.0009599995613098145,0.0035417978372394576,0.0020704689240100826,-0.00982230872969735,-0.01594651186802043
2017-09-15,0.01576321484083998,0.0014099979400634766,-0.003951586480959918,0.022521828053251536,0.008044553744544797,0.005912634454187993
2017-09-22,0.0007959228750635816,0.0006000018119812012,-0.0016815927552005783,0.005405442489087475,0.0028515236939772592,0.003265433910901283
2017-09-29,0.006849971992643589,0.0006399989128112793,-0.0020312694884881133,0.00319060643756508,0.0004171007426129525,0.009873100577059368
2017-10-06,0.011895866182383141,0.0004399991035461426,-0.00058057309813489,-0.018682205556307063,-0.000736064070867526,0.007735294440689433
2017-10-13,0.0015062167833614915,-0.0008999991416931152,0.0019413804315281946,0.02794431930303576,0.00020725369655050785,-0.007569367705408392
2017-10-20,0.008632421553170344,0.0010100007057189941,-0.0029373487978887614,-0.0010426586963356854,-0.001873052149910459,0.00655280518153023
2017-10-27,0.0022755843254589347,0.00046999931335449217,0.00017228319393244873,0.024007166223189325,0.0008525580328023808,0.013020290933168699
2017-11-03,0.002622950695621018,-0.0008500003814697265,0.0019685221456602897,0.020750382525139166,0.0033673460947280798,0.0002107487657694307
2017-11-10,-0.002140796523101951,0.0005700016021728516,0.0012030399012327442,0.01902089937862672,-0.011761485436381636,-0.005793164499835135
2017-11-17,-0.0013359993442437768,-0.0004600000381469727,-0.00020647078194235835,-0.007559649693318238,-0.0006200192373595703,-0.007733824899453512
2017-11-24,0.009139664317895368,-0.00014000177383422852,-0.0009079401781081353,0.013823921002557915,0.007699038415969528,-0.009609240771821681
2017-12-01,0.015293476849596921,0.0002200007438659668,-0.00010919630424474636,-0.00405815911558971,-0.009100311349513246,0.0015092646229442064
2017-12-08,0.003512209202780836,0.00020999908447265624,3.8773732368657665e-05,-0.021304890053087444,0.008092739860348043,0.010764262471206099
2017-12-15,0.009168417346313351,-0.000279998779296875,0.000896159199087615,-0.0014987614145061112,0.0008350722791562016,0.00031947581266655867
2017-12-22,0.0028141120378448736,0.0012999987602233887,-0.0025923878879216544,0.022968748750248125,-0.0025477682502587197,-0.006174830503250073
2017-12-29,-0.0036260705501548474,-0.0007999992370605469,0.0005143672456691117,0.030511963048525104,-0.005757577713381746,-0.01317617297958551
2018-01-05,0.02600969929341379,0.0007100009918212891,-0.003028649842218234,0.002983471921469416,0.008242752269533244,-0.0018454819069808615
2018-01-12,0.015708251252988026,0.0007599997520446778,-0.00027081219588906413,0.021340366441998215,-0.005097611459648144,-0.010657920174708568
2018-01-19,0.008635314502009495,0.0008500003814697265,-0.0017505064600443487,-0.006310296758408884,-0.0054626015109355275,-0.004397070688264115
2018-01-26,0.02226455085657708,0.0002499985694885254,-0.0006766701995448154,0.029042825302871833,0.0008429482091401764,-0.016561775478130203
2018-02-02,-0.03854689904443476,0.0019200015068054199,1.9872751125249444e-05,-0.014931520650479757,-0.028113716539415412,0.001459495384117826
2018-02-09,-0.05161952552325133,-0.0002500009536743164,0.003682467260684663,-0.06133222367614055,-0.033939920169027894,0.01390140734963885
2018-02-16,0.04301117358891604,0.00048000097274780273,-0.004927948814191396,0.035143391598005724,0.01651755085666931,-0.014816496363468268
2018-02-23,0.00551934993766956,-6.000041961669922e-05,0.00046760580300286847,0.017899417270353046,0.007631036621487531,0.008754195203756643
2018-03-02,-0.020401866498722443,-0.0001399993896484375,0.0011089751094388312,-0.02208048468021362,-0.00939963743025425,0.0006676144840003229
2018-03-09,0.03541851123432416,0.00036999940872192385,-0.0013005192418041878,0.006431733747606527,0.01263399635198887,0.0016677106116613771
2018-03-16,-0.012402364823396517,-0.0004600000381469727,0.0018881192609855602,0.0005175764839944197,-0.003961748019839295,0.001554079528628849
2018-03-23,-0.059501963807880864,-0.00018000125885009766,0.0033701294473005294,0.02370512207717468,-0.028702533351288164,-0.00875541268021729
2018-03-30,0.020326438311210948,-0.0008899998664855957,-0.0009267945637049246,-0.004899292397437693,0.0098512291124433,0.007938272194679241
2018-04-06,-0.013783391408563772,0.0003400015830993652,-0.0001691296738907111,-0.02035589961364881,-0.003805709839827598,-0.00044371508430718354
2018-04-13,0.019900432221534592,0.000539999008178711,-0.003816398359890144,0.055417822658978544,0.00949278726654394,-0.003440212590101077
2018-04-20,0.0052101959475947535,0.0012199997901916504,-0.0013026066820378823,0.011658925676458542,0.0015221157130690278,0.0057906083006109554
2018-04-27,-8.613049428207731e-05,6.000041961669922e-05,0.0004277165348950396,-0.001308641601546423,0.004354263585424645,0.013507542347489965
2018-05-04,-0.0024307899697063595,-0.00013000011444091797,0.0005256398616343416,0.013336146338351673,0.002076571693658763,0.011251898284853068
2018-05-11,0.02414191179544045,0.0002699995040893555,-0.001472928433957632,0.010365830954153221,0.0071767121649581435,-0.0003240658895513615
2018-05-18,-0.0054074465701836605,0.0009599995613098145,-0.000664792401226133,0.009702149491344292,-0.0030434801619904418,0.011886735068494358
2018-05-25,0.00308153334248229,-0.0013599991798400879,0.002385050684278023,-0.014433785472402594,0.0007451557679885202,0.005873590937022222
2018-06-01,0.0048836556687223975,-0.0003600001335144043,0.0005237462598985387,-0.010289007607395817,-0.000907714698451001,0.0
2018-06-08,0.016239883496158125,0.0004200005531311035,-0.0019188383107040796,-0.00197013676654767,0.0047548281179180755,-0.006794769859429284
2018-06-15,0.00022665563374979492,-0.00013000011444091797,-0.001047408451433307,-0.026356171024304764,0.0008210211737616491,0.013254920612706833
2018-06-22,-0.00891477018066944,-0.00023999929428100586,0.001296950875317865,0.01688886841013959,-0.007470788747597901,-0.0028484467755365284
2018-06-29,-0.01325276134643183,-0.0005100011825561523,0.0033947014300755585,0.03391661856051287,-0.008424108996729107,0.0011637813611753423
2018-07-06,0.015248089621717975,-0.00017999887466430665,-0.0011538994260357205,-0.013765779216868279,0.008452455690596522,-0.006234770738824169
2018-07-13,0.015033585236243097,0.0,-0.0008204001370964997,-0.036111778903760494,0.004450260248949656,0.00754996892344173
2018-07-20,0.00018563440689289834,0.0006399989128112793,-0.0009793423862653472,-0.012495432604473167,-0.0027914586800646735,-0.0030606956783888473
2018-07-27,0.006063890300494146,0.0006500005722045899,-0.0019473012012474478,0.015472742028951547,-0.0006609645444495716,0.0023290411056047233
2018-08-03,0.007637958001840861,-6.999969482421876e-05,-0.0008176065347107464,-0.005401820139118829,0.005333842740346245,0.004858460952576804
2018-08-10,-0.002489153842411551,-0.0009599995613098145,0.001772045323755883,-0.008590287294458654,-0.006529207299213258,0.012823220817004488
2018-08-17,0.005947119007437607,0.00015999794006347657,-0.00011920801973391848,-0.014295665235657062,0.001975682029326209,-0.0026982371791572923
2018-08-24,0.00861717170921139,-0.00046999931335449217,-3.6737447184576055e-05,0.02692470281124182,0.0025712047252750337,-0.009885504301001768
2018-08-31,0.009333207640429997,0.0002699995040893555,-0.0006224467753431495,0.010565113103357726,-0.0036280229448159007,-0.00010511966442527942
2018-09-07,-0.010284295021147472,0.0008899998664855957,-0.0003658671170492511,-0.016343433020137854,-0.007853812253855053,0.002417525314369673
2018-09-14,0.011596016833637979,0.0005200004577636719,-0.0027943516558708303,0.007266351674263483,0.00944220563845835,-0.004089329751669868
2018-09-21,0.008499177816112091,0.0007400012016296387,-0.0010199550867378837,0.020371229070177854,0.0016155733202531664,-0.00800170677373413
2018-09-28,-0.005355532133192842,-0.00012000083923339844,-0.0001591347041366986,0.026253593064219594,-0.0018835597983174802,0.01029506695113458
2018-10-05,-0.009749522062538318,0.0016899991035461426,-0.0009031851089222331,0.016513117544325162,-0.011138613179700496,0.004517284317126391
2018-10-12,-0.0410456799665293,-0.000839998722076416,0.0018685733896946777,-0.02761423795574025,-0.021896086048452324,-0.004183241104259494
2018-10-19,0.00023495336753542873,0.0005699992179870605,0.0002851254972292272,-0.01235801272448267,0.0033317693849861164,0.005145955235116961
2018-10-26,-0.03941429114160422,-0.0012100005149841308,0.004545243842309449,-0.013987223271324734,-0.01073403868475218,0.006791364874063177
2018-11-02,0.024211216277988834,0.0013700008392333984,-0.0037160187743446593,-0.03747218110261119,0.009623343642173815,0.001867998173885832
2018-11-09,0.021281187313144212,-0.0002500009536743164,0.00023314255625550562,-0.022173437569323107,0.005509993832156646,0.0038326366591376893
2018-11-16,-0.016087676807084006,-0.0011500000953674316,0.005651099717646851,-0.018544962289263833,-0.00224654018396685,-0.004540320140120735
2018-11-23,-0.03790194688288351,-0.00019999980926513672,0.0021014549096001756,-0.06665434802432602,-0.00931643104145865,0.004664630896113353
2018-11-30,0.04847367598117258,-0.000409998893737793,-0.0015301576386951288,0.007334699853764226,0.008015800858625938,0.003611210077728133
2018-12-07,-0.04604421008387305,-0.0016300010681152344,0.004265286397445028,0.02383647226036012,-0.014277808341330757,-0.007813246973008003
2018-12-14,-0.012582270941306373,0.000410001277923584,-0.0016284475449386826,-0.024314637622724566,0.0034438235320681746,0.009636310067251186
2018-12-21,-0.07051283194960845,-0.000989999771118164,0.009792524770759481,-0.06345881269192788,-0.01960240817985408,-0.004926142702246339
2018-12-28,0.028601877703194,-0.000559999942779541,-0.0010950498327038094,-0.014040797841430197,0.0029392235501236766,-0.005878709779355784
2019-01-04,0.018585995057157634,-0.0007700014114379883,-0.0027437162869911047,0.03152161838053713,0.012279465339356628,-0.002074872388303617
2019-01-11,0.025403473165975354,0.0004200005531311035,-0.005102233613061197,0.04170115147843778,0.007460240299173621,-0.0054060116359566646
2019-01-18,0.02867584559783598,0.0008299994468688965,-0.0035939047456857165,0.025488347151942703,0.0010720211257466972,0.007003221299974882
2019-01-25,-0.002227853738856145,-0.0003099989891052246,0.0012329795482675932,-0.008494699085019208,0.0010674134186911155,-0.005708900179259846
2019-02-01,0.01567496486669495,-0.0006200003623962402,-0.0007739559750709057,0.008811504625570565,0.0036739399570594744,-0.0021922860681236056
2019-02-08,0.0004987395303261977,-0.0005900001525878906,0.0008998998521453916,-0.013089700712116237,0.0013011125728077779,0.01109016047590572
2019-02-15,0.025008574151898166,0.0003399991989135742,-0.0022049221341635117,0.038024905467261894,0.002576337168758186,0.0028973383802284314
2019-02-22,0.006149958069667116,-0.00010999917984008789,-0.0001732394491182898,0.014289131784980702,0.004694834449556579,-0.0042302521714885355
2019-03-01,0.003946051570552722,0.0010000014305114747,-0.0031649753300083128,-0.018861347941028228,-0.00022205575472202812,0.00020719762329068914
2019-03-08,-0.02162146111508667,-0.0013000011444091798,0.004313481338478253,0.0011629054877826395,-0.00913780249819104,0.008701999149567152
2019-03-15,0.028949283150054628,-0.00032000064849853517,-0.0011621976188023186,0.02522286824579556,0.009875387144255694,-0.007908023526146724
2019-03-22,-0.007713081999481397,-0.001380000114440918,0.0027986584519177904,0.003907700699396388,-0.01397515293404047,0.0005176299435574183
2019-03-29,0.012029071869681385,-0.000409998893737793,-0.0010588588577435942,-9.214948910452048e-05,0.008404124942449687,0.0065183367146588456
2019-04-05,0.02058287111934476,0.0008699989318847656,-0.0026799745280126908,0.030267394520234303,0.0032458072240933613,0.0012335808808374704
2019-04-12,0.005071289477977414,0.0005900001525878906,-0.0026207147976385625,0.01162611472882058,0.0031591243573484695,-0.004414787458309588
2019-04-19,-0.0008185577144068645,0.0,0.0009237352354434791,-0.003580337067246364,-0.000333055462870302,0.0051562338218600345
2019-04-26,0.01199638322639296,-0.0005499982833862305,0.0005641268720593118,-0.012221381149010946,-0.002646812992435921,0.005540175528515823
2019-05-03,0.0019592670432897474,0.0002599978446960449,-0.0004179007482907615,-0.010127115917527352,-0.0005498835363593413,-0.004999545785979831
2019-05-10,-0.021808500895250327,-0.0007599997520446778,0.0024987405197879897,-0.014722206819093309,-0.012315466426402978,-0.0019482651615250202
2019-05-17,-0.007590016585023784,-0.0006200003623962402,0.0022778908735026915,0.019938305786079136,0.00024937927934569614,0.006883778447968059
2019-05-24,-0.011704710340585178,-0.000690000057220459,0.0023426400789940127,-0.035823916743086937,0.000344610452425842,-0.003979585608657521
2019-05-31,-0.02618486460504399,-0.0018199992179870606,0.00577480903910238,-0.04534917916268111,-0.009022077710315268,0.001434273012734577
2019-06-07,0.04406881634656146,-0.0005799984931945801,-0.0034654544004945054,-0.0014469205507174898,0.006440406107267416,-0.011662397848065886
2019-06-14,0.004747051222933507,8.999824523925782e-05,-0.00034586788961427084,-0.0005158090373310609,0.0031288329810784,0.009936849999044428
2019-06-21,0.021988368779212397,-0.0002499985694885254,-0.002509935132910368,0.034892894891852544,-0.0003926697894508058,-0.013836204554100284
2019-06-28,-0.002948676235928538,-0.0006800007820129395,0.0015250558717593843,0.009972413460283658,0.001038960073866413,-0.0009353976942767517
2019-07-05,0.0165376856651287,0.00048000097274780273,-0.001106503650142393,-0.007099842763008901,0.005968170423877878,0.01165091832499976
2019-07-12,0.007811674020768988,0.0005799984931945801,-0.001059335854491944,0.02909979791515971,0.003350901383825983,-0.004524446698264795
2019-07-19,-0.0123300423949253,-0.0005799984931945801,0.002284579386935187,-0.04304808974272911,-0.008313153385231998,0.003512074949484134
2019-07-26,0.01654566712556682,0.00032999992370605466,-0.0020851555329140514,0.001851291086779172,0.007923875405121844,0.008852296416304917
2019-08-02,-0.031002774504892416,-0.002260000705718994,0.005541953290297302,-0.021646761287343885,-0.02240954289197348,0.0009182362608821659
2019-08-09,-0.004570231156091897,-0.0012100005149841308,0.0026093317253801374,-0.019476542742611458,-0.0010221427896808688,-0.006218151068702382
2019-08-16,-0.010268436333887965,-0.0019499993324279786,0.003734696431978296,-0.009631516267732287,-0.0013912076213281278,0.006667366295229682
2019-08-23,-0.014390595428528608,-0.0001100003719329834,-0.0009325376222212856,-0.006365614580599921,-0.003789933887183883,-0.005094762615748927
2019-08-30,0.02787031429124398,-0.0002199995517730713,-0.0012568784385316722,0.009406173339477908,0.0022395602904046186,0.013109368980932068
2019-09-06,0.017854336193706688,0.0004399991035461426,-0.0019334965801825477,0.018662176264724106,0.010484719805655442,-0.005357852700236476
2019-09-13,0.009628306218709026,0.003530000448226929,-0.006450629181073808,-0.0015823538124111192,0.004200000762939454,-0.0013212445799816175
2019-09-20,-0.005094059887797542,-0.0014800000190734863,0.0024757408843130713,0.033628055224704356,-0.005749635917124452,0.0025442702479629986
2019-09-27,-0.010120093649236717,-0.0008000004291534424,0.0020199823892560753,-0.01871061424037146,-0.006201043264942686,0.006090736586233714
2019-10-04,-0.003302067049955615,-0.0015999996662139893,0.004403771149196795,-0.024731456864901524,0.0005226434523942059,-0.0030269705368811683
2019-10-11,0.006185619190049785,0.002369999885559082,-0.005178979526050315,0.024908033586066303,0.0042840402387857085,-0.005161365443142718
2019-10-18,0.005363125754856091,-4.999995231628418e-05,-0.0008102895375150521,-0.00664354729005745,0.004268292458982514,-0.010376441920595614
2019-10-25,0.012172693808391921,0.0005400002002716065,-0.0016874597600639307,0.023432501827527874,0.005614036426209568,0.005653814336548546
2019-11-01,0.014676303970036386,-0.0007299995422363282,0.0022015561354385704,0.0015616218901277623,0.0013833969895252652,-0.006030910316285665
2019-11-08,0.008533072951472986,0.002049999237060547,-0.00430030765915182,0.005349214264610325,0.0009349613509920751,0.011415062060230019
2019-11-15,0.008851979942626542,-0.000989999771118164,0.0018725513800810223,0.0033165868078077754,8.284798920886184e-05,-0.0035587034016394403
2019-11-22,-0.003259109875566102,-0.0005999994277954101,0.00186574020168645,-0.0037336678340517127,-0.0012033193247416142,0.002755067786391896
2019-11-29,0.00986722814297436,1.999974250793457e-05,-0.0009894593689366293,-0.023249684683982474,-0.0011345207840717576,0.0
2019-12-06,0.0015695520733274293,0.0006599998474121093,-0.001942998866689638,0.03311417119705662,-0.0039619651706347845,-0.005800343078208869
2019-12-13,0.007276157728052013,-0.00023000001907348634,-0.0015274646370198042,0.012560906659551563,0.003634360423775901,-0.005424757378218237
2019-12-20,0.016542514853338908,0.0009800004959106445,-0.0028361425322181444,0.012264922671926914,0.0004750589250663462,0.005557280289214983
2019-12-27,0.005836313259917292,-0.00043000102043151857,0.0003596314207578999,0.016085856028303036,-0.0036770585909740475,-0.008085159379076168
2020-01-03,-0.001595645040411764,-0.0008599996566772461,0.0009083887997788365,0.006995746170988859,-0.0021965753506368534,-0.0008254419373309174
2020-01-10,0.009428566727743615,0.00037000060081481933,-0.0009752721989717827,-0.02984100779112009,0.005206847326950293,0.0053697262714318406
2020-01-17,0.019682428410166652,0.00010999917984008789,0.00019737721153958998,-0.007463013790380835,0.001831210281762913,0.0025677896305746906
2020-01-24,-0.01025646929152424,-0.001549999713897705,0.004456198948678408,-0.04834746075609331,-0.010165289093355257,0.0024587425701141363
2020-01-31,-0.02122609272538767,-0.0016100001335144043,0.0040137330645662606,-0.04300096412022991,-0.014697800857219568,-0.004701063787898918
2020-02-07,0.03168169497862894,0.0005799996852874756,-0.0036881063633100175,-0.006687180214938526,0.008943736354206384,0.01324572259587109
2020-02-14,0.01576157531382294,0.00010000109672546387,-0.0011337082701681211,0.025970995500435246,0.005785390856353285,0.004458881638077727
2020-02-21,-0.01254671767375326,-0.0011700010299682618,0.0022941665723685833,0.010877514168765146,-0.012426898913313235,0.0014124231816898813
2020-02-28,-0.11490675733559286,-0.00343999981880188,0.01306776925093811,-0.10510811705541268,-0.06741803509811846,-0.011384292348307734
2020-03-06,0.006143803326891462,-0.004210000038146973,0.00878156248781145,-0.037105199482144524,-0.002281224119309955,-0.022215432244902522
2020-03-13,-0.08792649883842296,0.002450000047683716,0.00836437580642349,-0.13542336086287443,-0.01894373357731388,0.02918189828883677
2020-03-20,-0.14979605267779128,-0.00012999951839447023,0.03598058794793002,-0.12335790318870854,-0.0070983908218241526,0.041215186783030155
2020-03-27,0.10262831544954354,-0.0018900001049041747,-0.022232007470501913,-0.00019109214292800658,0.0003785584441765522,-0.043279488051449544
2020-04-03,-0.020783274627778403,-0.0016200000047683716,0.012378632233719156,0.05314672112238972,0.014296613836350303,0.022466189110170065
2020-04-10,0.12101749054054989,0.001419999599456787,-0.031954804129554176,0.003521642506917555,0.005480770461266194,-0.010538925916593112
2020-04-17,0.03037471527122837,-0.0007499998807907104,0.005487988420732309,-0.02112802091283783,0.0042236582646285,0.0026125617463892414
2020-04-24,-0.013156819683175058,-0.0005799996852874756,0.009340482243097525,-0.107624679704734,0.002909568980222971,0.00601321388516185
2020-05-01,-0.002125689812120135,0.0004600000381469727,-0.002924401551704564,0.062290302241572615,-0.0017534070565422444,-0.015740129955087778
2020-05-08,0.03500538354618543,0.00039999961853027344,-0.003769612564812702,0.08436982132777704,0.012382360076047772,0.009412958263661064
2020-05-15,-0.022561299936727397,-0.0004199999570846558,0.004124229690652209,0.025239955741667153,-0.0069871335085440085,0.006718120388980564
2020-05-22,0.03203897110884624,0.00017000019550323487,-0.008147503638276488,0.04478351676165837,0.005848227678936696,-0.005378495092832836
2020-05-29,0.03006652418073963,-9.000003337860108e-05,-0.0035394824977279526,0.03074641760095509,0.0011541186471100196,-0.015221352525240928
2020-06-05,0.04914738320576606,0.0025599998235702514,-0.01139238314875346,0.060114702292108024,0.005434387034244848,-0.014236261425860541
2020-06-12,-0.04778435229118472,-0.0020499998331069947,0.009360554505705387,-0.03458871250865381,-0.023592984255350724,0.00391992205330971
2020-06-19,0.018554481638980658,-1.999974250793457e-05,-0.0010253395083159589,0.042509914474457844,0.0013438642513188938,0.0030826454243584323
2020-06-26,-0.028630531189139496,-0.000610000491142273,0.005529683073488861,-0.029147899778951603,0.0005552383278895345,-0.0012292844007959491
2020-07-03,0.04019872018566395,0.00033000051975250243,-0.003780176561288179,0.04643336534853648,0.01014972549666579,-0.0018461569761618613
2020-07-10,0.017581422783052192,-0.0003600001335144043,-0.0007467340814316104,0.015141527268886623,0.0007044786585054919,-0.006884485933480122
2020-07-17,0.012461363411284676,-4.999995231628418e-05,-0.0028345633165718365,-0.0013021676512401381,0.00294979948028421,-0.007346084565581168
2020-07-24,-0.0028219719825742784,-0.0003900003433227539,-0.0025976473016859902,0.013483134077399317,-0.00031152617895386926,-0.01563477133447122
2020-07-31,0.01725641208635187,-0.0005299997329711914,-0.0013944973507134528,-0.006403328495873661,0.0026702806887890563,-0.010059345119417307
2020-08-07,0.024505340445369006,0.00025999963283538817,-0.0007021512532218721,0.01568473443995999,0.004599346042961039,-0.000534767606221731
2020-08-14,0.006436367051040115,0.001470000147819519,0.0009552848148123017,0.020339039998231723,0.000360197780296101,-0.0036387409931668557
2020-08-21,0.007207499221509206,-0.000690000057220459,-0.000541879415178026,0.003378970038493412,-0.0011111149556033207,0.0016111872001867145
2020-08-28,0.03263022657871306,0.0008899998664855957,-0.0027244701287816586,0.01864961265750642,-0.0009316729190014917,-0.009436967865072088
2020-09-04,-0.023104280946319222,-7.999956607818604e-05,0.0013056141981427072,-0.03567169445762819,-0.016964288384478967,0.0037890923862080594
2020-09-11,-0.025092207441738235,-0.0005199998617172241,0.0012299275384185793,-0.017458436271880817,0.006308941724823741,0.006578953864545101
2020-09-18,-0.0064352568830408075,0.0002499997615814209,-0.00016174230785939714,0.04978745519450278,0.0019352454094620276,-0.004285883617606512
2020-09-25,-0.006329326654873957,-0.000350000262260437,0.004754963264580803,-0.027371973930625404,-0.0010646520299749886,0.017755316049288927
2020-10-02,0.015146450625188157,0.00037000000476837156,-0.004368805170985007,-0.030870400772040507,-0.002369219180755411,-0.007824122212282347
2020-10-09,0.03844200360361194,0.0007899999618530273,-0.004737092226450357,0.06844842608136958,0.004759318206026381,-0.008312007776389185
2020-10-16,0.0019182909579975593,-0.0003099995851516724,0.0014375936682965995,0.005629815449810227,-0.004819999694824217,0.006662398053381091
2020-10-23,-0.0052873623147698945,0.0009700000286102295,-0.0025026687689377325,-0.010589880292920295,-0.0002553801357675911,-0.00971395878677317
2020-10-30,-0.05639478895554584,0.00018999993801116944,0.0022514077930097798,-0.05014352032017222,-0.01900181762368032,0.013689816949625344
2020-11-06,0.07323636476579076,-0.0004000002145767212,-0.004040150661235586,0.02594047881200856,0.01730668028532972,-0.01924710273258723
2020-11-13,0.021573231684131056,0.0007300001382827759,-0.0016949772205526181,0.04256050881135942,0.003539823382282986,0.00574648986236892
2020-11-20,-0.007701174018748924,-0.0006400001049041748,-0.0003208426207853554,0.025706433792009653,-0.0012987021029467916,-0.003988817788497134
2020-11-27,0.02271515083637543,0.00013000011444091797,-0.001487959247377435,0.037954376191538186,0.006033756367687233,-0.006494192857287917
2020-12-04,0.016702631110292687,0.0012699997425079346,-0.004491367638615074,0.0012626661790899885,0.00011995978093680139,-0.011874975012673428
2020-12-11,-0.00964017256003924,-0.0007599997520446778,0.00222827108997789,0.013305915815622349,-0.00606060230746055,0.003087171092753138
2020-12-18,0.012542774224865827,0.0005500000715255737,-0.0020304728999308297,0.036320196455939646,0.0037323033268628573,-0.01055184302533907
2020-12-25,-0.001711823084015518,-0.00020000040531158446,-0.0006491395718015713,-0.008210322229642686,9.271907451233741e-05,0.0034437369423314657
2021-01-01,0.014315190390337795,-0.00010999977588653565,-0.00040495606262547224,0.011836750607663094,-0.002833254236984828,-0.004317495646439351
2021-01-08,0.018266396002356355,0.0018800002336502074,-0.0037645412358054964,0.04420457793493937,0.00261538578913762,0.001778919594972006
2021-01-15,-0.014754157903199783,-8.000016212463379e-05,0.001188018740071295,0.009776388576221873,-0.006447126056373476,0.007547173326213796
2021-01-22,0.019430762476779773,-6.000041961669922e-05,-0.000270904008558448,-0.0100291533566651,0.0049917836687388365,-0.005948456959557702
2021-01-29,-0.03312012886709159,2.0000934600830078e-05,0.0010715599783366059,0.00837600089280044,-0.025513465045725006,0.0037677745493571724
2021-02-05,0.046467134149760225,0.0007699990272521973,-0.0040477698239888005,0.04552308768590674,0.01846479186612937,0.005078373539124215
2021-02-12,0.012349395017328568,0.0003000009059906006,-0.0008275670789021083,0.02960437471233801,0.0021562086480298504,-0.006151115476298763
2021-02-19,-0.0071464629041616545,0.0014499998092651367,-0.001855672549303522,0.013234150165555958,-0.005207811705619592,-0.0013262902534235677
2021-02-26,-0.02446049477674006,0.0011500000953674316,0.0013554059398747653,0.014678027505875324,-0.013378688730207478,0.006308097509673205
2021-03-05,0.008078936764876365,0.0009399998188018799,-0.004157832887781404,0.03027317708346655,0.005885511316138764,0.011547377633716494
2021-03-12,0.026392954609087305,0.000809999704360962,-0.0007182058744823194,0.001607570878245257,0.008049471488076904,-0.0032616116635006964
2021-03-19,-0.00766862344113739,0.0009700000286102295,-0.0007093757447648175,-0.034781185394193614,-0.0006283233981890235,0.0026177777374634115
2021-03-26,0.0157010911739901,-0.0007200002670288086,-0.0012816804944345561,-0.002294246103741626,0.00498806700829601,0.00924715503756679
2021-04-02,0.01140511296388702,0.00019000053405761718,-0.0016084588996467808,2.105282133557651e-05,0.00405620529462164,0.0017247350210110035
2021-04-09,0.02709781269654865,-0.00013000011444091797,0.00017831548560176547,-0.006033469933437785,0.0018465071911886455,-0.00828577037057776
2021-04-16,0.013725637676089475,-0.0009300005435943603,0.0012094449742199864,0.03726971182211569,0.0013181561413367017,-0.006510482635346371
2021-04-23,-0.0012663554383812725,-5.999922752380371e-05,0.0002807841649261622,0.011008358302043275,-0.0033230766883263207,-0.0076452268120063005
2021-04-30,0.00023922472499671166,0.0006400001049041748,-0.0013356292558155403,0.023780610918548106,-0.0036930198854027933,0.004622475964384476
2021-05-07,0.0123004270915128,-0.0005400002002716065,0.0007320468844175809,0.03396268258588031,0.005158516962180998,-0.011503017489099987
2021-05-14,-0.013880356906983082,0.0005799996852874756,-0.00039885904140604667,-0.015352902982779026,-0.006351105045079819,0.0009974103351699792
2021-05-21,-0.004310225320526495,-3.000020980834961e-05,0.0004180029731261914,-0.016699040977700252,-0.0035619356476168764,-0.0033215572716062125
2021-05-28,0.011610112368395376,-0.0005099999904632568,0.00021493169100406107,0.025335676790881445,0.008411909314705241,0.00011111016000286966
2021-06-04,0.006132159785514846,-0.00021000027656555175,-0.00011440249582633788,0.027945246444601723,0.001014320250431683,0.0012218217465627124
2021-06-11,0.0041489977565030145,-0.000979999303817749,0.0008271038510215267,-0.0032037339693230527,0.0023447029664614484,0.004659398400146175
2021-06-18,-0.019067896712139487,-0.00011999964714050293,0.00039092503667162437,-0.022555117830207916,-0.016134189353045614,0.01844087724559973
2021-06-25,0.027421424628701452,0.0008599996566772461,-0.002836311043507095,0.01911416811773292,0.012270533067987671,-0.0045538955117935265
2021-07-02,0.016735497738418426,-0.0010500001907348634,0.0008367557349167054,0.021680570418522116,0.0017605640037275105,0.004574728346679269
2021-07-09,0.00395418592190433,-0.0007500004768371582,0.0015958125422114722,-0.017914549206591524,-0.0036828156364621225,-0.0010843120446238919
2021-07-16,-0.00970114779147857,-0.000559999942779541,0.0021186040125399652,-0.006751216318525044,-0.007014834409606064,0.006078424016967121
2021-07-23,0.01955783464364358,-0.0001399993896484375,-0.00024275497657999523,0.008160247075848837,0.0033875337352583692,0.002373516181987334
2021-07-30,-0.003746840464106227,-0.0004700005054473877,0.0013578556795783292,0.016244788032120594,-0.0030232527966498114,-0.00796475582818057
2021-08-06,0.009387443770432657,0.0005099999904632568,-0.0007783492442160755,-0.03472359295879912,0.005729167156836451,0.006835248945733063
2021-08-13,0.007095647113089409,7.000088691711426e-05,0.0002197454684742528,0.004594638081546698,0.002167182123218031,-0.003017310339259782
2021-08-20,-0.005893034495299876,-0.00037000060081481933,0.0011043230987132502,-0.05776193566847421,-0.010064723932269004,0.010592341034277863
2021-08-27,0.015242059068612868,0.0005200004577636719,-0.002706032420314225,0.07012111608061544,0.005845905546160973,-0.008663075492981287
2021-09-03,0.005779090630512185,9.999990463256836e-05,-0.0010962687168898921,0.005235342390977005,-6.1014211435250766e-05,-0.007012638998362353
2021-09-10,-0.016944389986780495,0.00018999934196472167,0.0001267712373792529,-0.0008460943673502808,-0.013833031559239506,0.005867024230290285
2021-09-17,-0.005739460389093565,0.0002900004386901855,-0.001190160425066561,0.013981394969555305,0.0003341319615718874,0.006696857905867271
2021-09-24,0.00507326768269345,0.0009000003337860107,-0.0014182350897661844,0.020172581626950237,0.007352233408151627,0.0013949022217747409
2021-10-01,-0.02209412719567272,0.00018999934196472167,0.0005556539599856081,0.022174931039551815,-0.009436620792872476,0.0076074045916969535
2021-10-08,0.007872272088387922,0.001260000467300415,-0.0006926822896134444,0.026641334828970464,0.005521326733605864,0.0003190002020929672
2021-10-15,0.01822456841991027,-0.0002900004386901855,-0.0009759746670696678,0.025741879524762146,0.006579651466341547,-0.0013819204192589973
2021-10-22,0.016444575874765777,0.0007899999618530273,-0.00028523227551457975,-0.002822204325076294,0.0026687085049264593,-0.003512899962510918
2021-10-29,0.013307219469797626,-0.000979999303817749,0.0012105300211711634,-0.003135233016289707,-0.0026895654805257577,0.00544815866793269
2021-11-05,0.020009185927887918,-0.0010400009155273437,9.03091726667804e-05,-0.013515601417958822,-0.0006765046440888712,0.0021249143902033474
2021-11-12,-0.003124980185625681,0.0012900006771087646,-0.0004977685235028617,-0.001102979074322219,0.0005764521601534012,0.00858776040303777
2021-11-19,0.0032266382579302366,-0.0004600000381469727,0.001358265687832455,-0.02154858414063132,-0.004972372132713055,0.009881241128412599
2021-11-26,-0.021996748505574315,-0.0005400002002716065,0.004258003723065423,-0.04796080611649467,-0.02989950051107572,0.0002081465923797765
2021-12-03,-0.012229507548633944,-0.0013899993896484375,-4.4177963320402025e-05,-0.027373860430446317,-0.003581410162382537,0.00031227401222788664
2021-12-10,0.03824887395565546,0.0014599990844726563,-0.004022729837435568,0.03652288257471059,0.019530485021902796,-0.0007282531504786416
2021-12-17,-0.019392931785886303,-0.0008700001239776612,0.00158055400245527,-0.007422039820804471,-0.007704652430369274,0.005413811832845061
2021-12-24,0.022756566023862668,0.0009100008010864258,-0.0037735867672833157,0.03342649002029008,0.008368105381146091,-0.005695382142444916
2021-12-31,0.008546748032581375,0.00018999934196472167,-0.00026342271048723775,0.005068536247134103,0.002060133098107819,-0.0036450581791013237
2022-01-07,-0.018704788181950538,0.002590000629425049,-0.001637601640832681,0.030168560705553293,-0.004471547552075217,0.0007316786470572545
2022-01-14,-0.003031771904682512,9.99927520751953e-06,-0.000995341361212515,0.032260339531622106,-0.001146056236486015,-0.005953621344709892
2022-01-21,-0.056812925721793084,-0.0002499997615814209,0.0025758834200414193,0.020309663715481818,-0.025169357943132787,0.0049385439712710255
2022-01-28,0.007710463694771796,0.0003499996662139893,0.0015153245685048944,0.018837817979147742,0.002062392579415617,0.017043049600796945
2022-02-04,0.015496843527338822,0.0014800000190734863,-0.0010127855454873935,0.036527823118368774,0.008026031378436589,-0.018402316725693146
2022-02-11,-0.018195557489162795,0.0002500009536743164,0.003177730308848825,0.00010887439255302667,-0.008914731738635407,0.006284022340029782
2022-02-18,-0.015789930243801376,-0.00023000001907348634,-0.000515552398199226,0.000808544010505452,-0.0007127181669376204,-0.00041632925442358637
2022-02-25,0.008227374971453427,0.000539999008178711,-0.002980800184468946,0.0140149469754689,0.00028828801335515356,0.006039169361991448
2022-03-04,-0.012721605236129307,-0.002619999647140503,0.0073460785566464015,0.2002697024070832,-0.007955779929991524,0.021010129596261917
2022-03-11,-0.028774265621690165,0.002799999713897705,-0.0005216562279373171,-0.054230684868958545,0.0019230762349009,0.004764330597398114
2022-03-18,0.06155827115194179,0.0014400005340576172,-0.008311694120541002,-0.020557800539680482,0.011186990505311545,-0.008979008928438836
2022-03-25,0.01791122338348039,0.0034400010108947754,-0.003188179741197422,0.07714894038673359,0.006409721964193466,0.005904450593905208
2022-04-01,0.000616281680495101,-0.0011500000953674316,-0.0013369025243982757,-0.07725278318319428,0.0028351762024476923,-0.0018216811013384016
2022-04-08,-0.012666487717779784,0.0033599996566772462,-0.0006437308752603732,-0.0011786256363558456,-0.003897098196783,0.011862575594863367
2022-04-15,-0.021319959090500107,0.0011500000953674316,-0.0017042621559981708,0.06183025149677457,-0.0036389435884511268,0.005210387045747167
2022-04-22,-0.027503150280612898,0.0007799983024597168,0.0013614654679779126,-0.02601650382912013,-0.01213655977168281,0.008971307103436299
2022-04-29,-0.032738019375660454,-0.00018999814987182616,0.0024729426566458823,0.015771812080537018,-0.009198870276218707,0.017190257288928423
2022-05-06,-0.0020790119062517043,0.0023599982261657713,-0.001853633704874541,0.016676571017096187,0.004805390486785044,0.006798801319553238
2022-05-13,-0.02411878596973216,-0.0018799996376037598,0.006272128906594454,-0.012594723608801872,0.00218615381164885,0.008682171181644938
2022-05-20,-0.03045058101173459,-0.0014800000190734863,0.004135971726197146,0.00800339241320347,-0.0009698639585444036,-0.013485042708849537
2022-05-27,0.06584373651241293,-0.0004399991035461426,-0.010823657485944493,0.0352460168854154,0.006303093702599827,-0.014348069171499556
2022-06-03,-0.011952218369117418,0.0021399998664855956,-0.00024072720864690145,0.01961524792553604,0.0018079285043842708,0.004622811342261723
2022-06-10,-0.05054835286161996,0.0019899988174438476,0.005108007891986899,-0.004330075532422817,-0.005970147186680108,0.019678893168606937
2022-06-17,-0.05794107281653571,0.0008300018310546875,0.003907451707737097,-0.06360586880944963,-0.006090088577957842,0.005280800905477001
2022-06-24,0.06446536357442745,-0.0011400008201599122,-0.0009721562839625775,-0.02465460439197853,0.006264053523402396,-0.004871007848147757
2022-07-01,-0.022089891538061512,-0.0023600006103515624,0.007977670544780019,-0.02089716851624701,0.0009731891079814315,0.009117928073535175
2022-07-08,0.01935775558583841,0.0021200013160705567,-0.007312827515958381,-0.03054174967791312,0.003857680364096411,0.01778583562333691
2022-07-15,-0.009288648911272679,-0.0017100000381469727,0.0010674219029171428,-0.056214123179405995,0.0008319802304547875,0.009812124113655951
2022-07-22,0.02548948864230627,-0.0014700007438659668,-0.0010259343009340616,0.007563050291554685,0.002476266773136027,-0.012307923669339194
2022-07-29,0.042573425897691974,-0.0014100003242492676,-0.0019480502759740559,0.04399728977968187,0.003690839583702749,-0.007776649535734981
2022-08-05,0.0036074711952025496,0.001979999542236328,-0.003842342184484926,-0.06261549174169612,0.0004219416451467728,0.006798878284502985
2022-08-12,0.03255820911591689,9.000062942504883e-05,-0.0026899508279982776,0.03607125264626365,0.0038297847780229435,-0.009285363605899932
2022-08-19,-0.01207198884476135,0.001400001049041748,0.0034562835612905463,-0.0038650427039220725,-0.0027393744424081823,0.02404620828904891
2022-08-26,-0.04039751143398784,0.0004600000381469727,0.0024596404036949793,0.028160387949271115,-0.012038832506368093,0.005824210903919269
2022-09-02,-0.0328760677911033,0.0015799999237060547,0.0006201059672105436,-0.054444392373050765,0.00017605664019635926,0.006709519366389971
2022-09-09,0.03646549853988823,0.0012800002098083496,-0.007110751294004264,-0.0023946542779370583,0.005261088476790743,-0.004838845843181505
2022-09-16,-0.04770416785639919,0.0012699985504150391,0.0027765428191876274,-0.028173994285015547,-0.007700741949382195,0.006972496662664751
2022-09-23,-0.04649748253405572,0.0024900007247924804,0.002262119238848781,-0.039994947721773366,-0.006882131072711762,0.03125000217218088
2022-09-30,-0.029137059931369835,0.0010699987411499023,0.0004216325324919723,0.0023749875049665636,-0.002840910358630633,-0.00945312900207873
2022-10-07,0.015071254944950097,0.0007899999618530273,-0.005325389243656026,0.09702838251214652,0.00041113254582718643,0.006064933004976236
2022-10-14,-0.01554811304257353,0.001270003318786621,-0.00035360367504652657,-0.052254986037702955,-0.0010522956546025197,0.00452122777516184
2022-10-21,0.04735601827577951,0.002029995918273926,-0.006449043894021456,-0.009985911174912987,0.003638350859456524,-0.01147291016126839
2022-10-28,0.039520367355605934,-0.002029995918273926,-0.0025413254894049997,0.017503775548921796,0.006635231497449812,-0.01196325276072574
2022-11-04,-0.03345501166487319,0.0014599990844726563,0.001384808492763151,0.04621931653822231,0.0023300985688144704,0.0018975249656376647
2022-11-11,0.05897810132015491,-0.0034300017356872557,0.0014282831864645407,-0.028861072732146886,0.00413441719426288,-0.04139607189383421
2022-11-18,-0.006909673904210933,5.000114440917969e-05,0.00123393852285697,-0.0431091888806594,-0.0013321500205895399,0.006021256789310536
2022-11-25,0.015327822569994876,-0.0012700009346008302,-7.841436833799786e-05,-0.022525657253533282,0.005666091574675458,-0.00907136648213569
2022-12-02,0.011321031826595274,-0.0018499994277954102,0.0016484253961258077,0.010927322544142193,0.0035121964245307725,-0.013306870940898885
2022-12-09,-0.03372548812685794,0.0006099987030029297,-0.00038218773540904527,-0.06390635766887864,-0.0098898230939097,0.0024867957842835686
2022-12-16,-0.02084693848424035,-0.0008499979972839356,0.002590463005485766,0.027548772734246718,0.00045991915281304866,-0.0010495240236034764
2022-12-23,-0.001957251879951105,0.002689998149871826,-0.004011741609996261,0.029887209326577402,0.003868258035085265,-0.0037249226458070384
2022-12-30,-0.001383697615177426,0.0012800002098083496,4.770256391897765e-05,0.0070652032092248795,-0.0019166248320331425,-0.007573587709879703
2023-01-06,0.014475863556452584,-0.00309999942779541,0.0003350139689676235,-0.060288210951711996,0.0012459642677114747,0.0034775948804639523
2023-01-13,0.0267029194983055,-0.000580000877380371,-0.0021238550120202815,0.056690333418753625,0.006578322029606782,-0.01617251010391707
2023-01-20,-0.006621501363255677,-0.0002699995040893555,0.0019877063804297768,0.017118135811615254,-0.004087193375523679,-0.0018590490967229645
2023-01-27,0.024656321290850824,0.0003399991989135742,-0.000345249205810666,-0.011782571161541244,0.0033753151809478078,-0.0007842547728589278
2023-02-03,0.01619431255800552,0.00014000177383422852,-0.0024969793393383177,-0.05649535725863253,0.0004862244812264216,0.009712526840042202
2023-02-10,-0.011125406081630485,0.0021199989318847656,0.0011107785759970623,0.04020883478840287,-0.006001093213574449,0.006898553217103531
2023-02-17,-0.0027796074660193515,0.000840001106262207,-0.0006827539855802367,-0.02692430802818646,0.001242085269908405,0.0022194669789592503
2023-02-24,-0.026733915279747333,0.00120999813079834,-0.0015187252943694718,-0.006758254561026744,-0.004120878073932333,0.01299825212967054
2023-03-03,0.01904259220858573,0.00015000104904174804,-0.0032653584301887695,0.031631908922589824,0.007337333396354173,-0.00655833520968141
2023-03-10,-0.04549337300760414,-0.0026900005340576173,0.009956778952184497,-0.03344800451855823,-0.017063276214310065,0.0005741024676186868
2023-03-17,0.014255734926430508,-0.0029999995231628418,0.005195667353344452,-0.05955686347198608,-0.0014314536565797177,-0.008319016364022325
2023-03-24,0.01387671553855152,-0.00014999866485595703,0.0008030282502899944,0.014327406365317152,0.007389259944998678,-0.0056889050535047225
2023-03-31,0.03483264090303373,0.001139998435974121,-0.008550737290159843,0.044850585076705585,0.006991718123698843,-0.005915444085573207
2023-04-07,-0.001043980376591036,-0.0020599985122680665,0.005155602492872918,0.025556570173520976,0.000802142064624234,-0.0067310743052104716
2023-04-14,0.00794639661494867,0.0023399996757507324,-0.005351169865503602,0.010548883023156819,0.003614130302390439,-0.0026517054004678853
2023-04-21,-0.0009957649895496745,0.0004799985885620117,7.848926432704739e-05,-0.03530004897996708,0.0008787324031162947,0.002658755637149568
2023-04-28,0.008699597623232913,-0.0011800003051757812,0.0017085746956108094,-0.015560295053227868,0.0029517015437353802,-0.0014732029692446913
2023-05-05,-0.007969814131357,-5.9998035430908204e-05,0.0014129459155139135,-0.034302608727216466,-0.004467683222263719,-0.004524432898171948
2023-05-12,-0.0029422597461469246,0.0001699995994567871,0.0005852916446576484,-0.012243724009103119,0.0004653863945353276,0.01452426868886958
2023-05-19,0.016464254102122267,0.002289998531341553,-0.0038854139467252857,0.008368762855341494,0.0006459225244648537,0.00506424465836508
2023-05-26,0.0032133299554173433,0.0011800003051757812,-0.0011861101571303545,0.006330283297614647,-0.003390842751978518,0.009786842694743614
2023-06-02,0.018290532119661584,-0.0011899995803833008,-0.001495772382288929,-0.0023405776542525514,0.009331476989088266,-0.001823264975295058
2023-06-09,0.003850612077542559,0.000539999008178711,-0.001445394667069999,-0.010575936343907189,0.0026369878001542835,-0.0044222178361637
2023-06-16,0.025757987929439397,0.00024000167846679687,-0.0008832455915817328,0.03225203909388785,0.001048445276402127,-0.012166807034956095
2023-06-23,-0.013892395391790768,-0.00029999971389770507,0.0030626163183566923,-0.028103754294324323,0.0003692776283288901,0.005865087548604819
2023-06-30,0.02346873463007748,0.0007999992370605469,-0.004252727565713238,-0.002031124143024421,-0.0005580378604457926,9.720248865052739e-05
2023-07-07,-0.011556246624838229,0.002310001850128174,-0.0018770082230478158,0.021056145542968974,-0.004562177178791405,-0.006219094318025142
2023-07-14,0.024203439874348476,-0.002310001850128174,0.000895740684231261,0.019353421564286766,0.005023600063329636,-0.023076103045096108
2023-07-21,0.006862827974119634,0.00017999887466430665,-0.001131897019888528,0.021688030200313957,-0.0009745135903592828,0.011610409270305766
2023-07-28,0.010116115260186298,0.0013200020790100097,-0.0019597185641911097,0.02822249541535382,0.000992648713935157,0.005441803239522258
2023-08-04,-0.022740062318268972,0.0009099984169006348,0.00018278771172408614,0.0012691643769273675,-0.014141037056793627,0.003936172856458864
2023-08-11,-0.003121904306016665,0.0010800027847290038,-0.0030226142135127976,-0.0015886738622042929,0.006608187656331477,0.008037636951637284
2023-08-18,-0.021133241759744292,0.0008299970626831055,0.0010646136979760024,-0.014744006724767278,-0.008288406533620108,0.005250884235284525
2023-08-25,0.008238533065539233,-0.00012000083923339844,-0.0015141612155575301,0.005119994530283334,0.004682078044299443,0.006771180075781702
2023-09-01,0.02498123107730188,-0.0006599998474121093,-0.0013040202633002873,0.023862364485723875,0.008258928897255708,0.0015372408714457997
2023-09-08,-0.012905835528422172,0.0008500003814697265,0.00024833776201821367,0.013372750387010468,-0.002864782243152708,0.008154244930357324
2023-09-15,-0.0016086204970128248,0.0006400012969970703,-0.0011899107880331827,0.01822105427854459,0.0001806365252297826,0.002188632267091206
2023-09-22,-0.029269753808731536,0.001160001754760742,0.00039808989098150116,-0.011018522276672105,-0.012364034845973305,0.002468687210253062
2023-09-29,-0.007409677984122731,0.0013499975204467774,-0.0013528512500092515,-0.002568561202313857,-0.0009302316297383984,0.005588144796916383
2023-10-06,0.004769113290182592,0.002109999656677246,-0.0013070000324382214,-0.05570220264969894,0.00019977081334264236,-0.0012244255030607887
2023-10-13,0.0044748253815132255,-0.001549997329711914,0.0030411270723524897,0.034982808783269315,-0.005358162894342944,0.005752551915173099
2023-10-20,-0.023942906998561386,0.002949995994567871,-0.00203193387589104,0.008307480758329433,-0.0061852987251565855,-0.004594447789582401
2023-10-27,-0.025280774192355193,-0.0007899999618530273,0.00020995593227596254,-0.015629185817615632,0.0010133547795118936,0.003767839889658342
2023-11-03,0.058525155549315144,-0.0028699970245361327,-0.0034541401790638693,-0.02286055208742599,0.014950635809765878,-0.014451960874722669
2023-11-10,0.013055519455784648,0.0006999969482421875,-5.1767444781525285e-05,-0.03433183884919444,0.002481555260534102,0.007998514512813193
2023-11-17,0.022372459914456355,-0.0018699979782104493,0.0013048425967016053,-0.002329518540283626,0.0013055747479426005,-0.019270743470294893
2023-11-24,0.010039792473817144,0.00031000137329101563,-0.0014715875103384901,-0.003969505114784444,0.004855072949519046,-0.004045445676939763
2023-12-01,0.007740164206200939,-0.002460002899169922,0.0010205556850181874,-0.010513139332940957,-0.0006821832896207081,-0.001257300588916932
2023-12-08,0.0021199170822086,0.00019000053405761718,0.00018846681976547597,-0.03063548483798506,0.0011084708251548005,0.0071657356174974485
2023-12-15,0.024937140433203497,-0.003169999122619629,0.0014063833576401508,0.010641046972626578,0.00028340342646290817,-0.014037102725566464
2023-12-22,0.007509751005209564,-0.0002699995040893555,-0.0012340945562525074,0.011477756786550497,-0.0030537459947425185,-0.008288698958756946
2023-12-29,0.0031969250366779,-0.00035000085830688476,0.0007780820283863898,-0.014878645855316175,0.002225632907107511,-0.0036381035230099723
2024-01-05,-0.015218538723822839,0.0017599987983703614,-0.00045560834999480715,0.011425574919387449,-0.0036144601847094785,0.0106582632146337
2024-01-12,0.018434195278394405,-0.0009199976921081543,-0.0009653091898164656,-0.00633120314152591,0.002434459002363826,-9.766757028417672e-05
2024-01-19,0.011701916571980497,0.001959998607635498,-0.0016460653597575037,0.0009287982912469239,-0.0023622062617355446,0.008691400160023566
2024-01-26,0.010570695054273438,0.0001399993896484375,-0.0014376044455493009,0.04197983482686318,0.00015037579428341943,0.0017426692185140702
2024-02-02,0.013829495062599007,-0.0012699985504150391,0.002375438453384615,-0.038186841170644414,-0.0022247365852332336,0.0043490571463542516
2024-02-09,0.013713520900997533,0.0015399980545043946,-0.0033498021616451823,0.03514746046464534,0.0033212998229402105,0.0015396811482737416
2024-02-16,-0.004185731464101616,0.0010800027847290038,-0.0005301512768638716,-7.151832419571846e-05,-0.005065736407670463,0.001921569415100688
2024-02-23,0.016627473672638393,-0.00034999847412109375,-0.000630076534881896,-0.014330458163865578,0.0017205048419733527,-0.00326041754766615
2024-03-01,0.009487556062438784,-0.0008000040054321289,0.0007504245219455141,0.024902839950497357,0.0023272739757191074,-0.0007696924107711833
2024-03-08,-0.002606565697850116,-0.0009099960327148438,0.0014855138747482122,-0.009208995535697428,-0.0062166291271057335,-0.010783773733873847
2024-03-15,-0.0012881532121825634,0.002149996757507324,-0.0030818528259116407,0.02838452125107982,0.0011194027436576437,0.006716005993315122
2024-03-22,0.022882211492585736,-0.0008599996566772461,0.0002253912917906109,-0.0015643347795243345,0.004684245114818153,0.009668374717678008
2024-03-29,0.0038535016368612673,-0.00012000083923339844,0.00032671466927325366,0.013996201506116135,0.0001914249200932694,0.001149121384959706
2024-04-05,-0.00951787623145961,0.0017199993133544921,-0.0016302068736119557,0.03335735703765308,-0.011606458126954357,-0.0023912003127942727
2024-04-12,-0.01555042328705536,0.0012100028991699218,-0.0007634011084001191,-0.00596429030999035,-0.0039925100576047815,0.01668262524312758
2024-04-19,-0.030483637073390857,0.0011599969863891602,-0.00026696417343122225,-0.013454318248472985,-0.00404390427996485,0.0010373501452456413
2024-04-26,0.026721126460954592,0.000540003776550293,-0.002787170139477879,0.00960574435858863,0.009834311949687586,-0.0019783238949974136
2024-05-03,0.005456920904901352,-0.0016900014877319336,0.0005751883534967361,-0.038174983902405146,0.005123087123131287,-0.008589802162905169
2024-05-10,0.018505074504980845,4.0001869201660157e-05,0.0006919884413786326,0.006908742224723374,0.003484060772172221,0.0026658933880905344
2024-05-17,0.015430744567456633,-0.000840001106262207,0.0004132647956851532,0.017898216438914094,0.002231077335082926,-0.008166371952226692
2024-05-24,0.00027345304070114373,0.00046999931335449217,-2.806374933689293e-06,-0.009855617586703058,0.0002502062847695441,0.0025850098645261443
2024-05-31,-0.005129478674975041,0.00046999931335449217,-0.00034515540681079315,-0.014457826521401151,-0.004149202622772174,-0.00047749284926412727
2024-06-07,0.013165388949644363,-0.000840001106262207,0.0007667816929459725,-0.015455006164414198,0.0027089775740385628,0.0021018555894882773
2024-06-14,0.015823829775731824,-0.002170000076293945,0.003885226013703391,0.01890444043156947,-0.0018003255759759585,0.006292341175993199
2024-06-21,0.006079243489500952,0.0004400014877319336,-0.001731388234095882,0.006903216049202632,-0.002132701296846429,0.002368545644450659
2024-06-28,-0.00075762571413307,0.0008599996566772461,-0.0010471094147646853,-0.0011570181207145591,0.002878788787361908,0.000661622805341322
2024-07-05,0.0195422309612312,-0.0007100009918212891,-0.00013562502609915095,0.015058975288143817,-0.00016077155627924888,-0.009351142603951867
2024-07-12,0.008650711895386687,-0.0008299970626831055,0.00032171887339838,-0.02505529134594009,8.012622124572434e-05,-0.007532426928067992
2024-07-19,-0.01965150805152971,0.0004999971389770508,-0.0009741865376655112,-0.02889644934260238,-0.016292136465436535,0.0029782418954262813
2024-07-26,-0.008337856919845565,-0.0003900003433227539,0.0001427093993687234,-0.011819639430831863,0.0003934656916251445,-0.0007663010525421621
2024-08-02,-0.020615126495082348,-0.004079997539520264,0.008386351694597172,-0.02952962218386912,-0.021354485236958112,-0.010640343305202582
2024-08-09,-0.00044886849066483325,0.0014999985694885253,-0.0034792834296963615,0.01692120881807213,0.006455747390381678,-0.0006782259029662896
2024-08-16,0.03931204110795594,-0.0004999995231628418,-0.0017291478591035525,-0.0036894922095395133,0.013672067793366266,-0.006592983412835207
2024-08-23,0.014468175411846751,-0.0008500003814697265,7.859942895693806e-05,0.0007036084853873081,-0.00358107923068125,-0.016982216272859785
2024-08-30,0.0024473813444236825,0.0010400009155273437,-0.0016517563581873174,-0.0068645631902889415,0.002711222179362333,0.00972990186320244
2024-09-06,-0.04248636509769299,-0.0020099997520446776,0.0035062322603047202,-0.04786213775762693,-0.024599997202555336,-0.005113044824682222
2024-09-13,0.04023358038012925,-0.0005999994277954101,-0.00022615054986280247,0.01573196506428176,0.013002680770933646,-0.0006918333130370158
2024-09-20,0.013602828445432147,0.0007799983024597168,-0.003141050531523526,0.027566939378953492,0.0012379222845245953,-0.0038571791839996372
2024-09-27,0.006246349160899944,0.00021000146865844725,-0.00038766330403280924,-0.000899834073068484,-0.002507738343885169,-0.0029785846715830733
2024-10-04,0.002248086501337898,0.0023199987411499025,-0.0030060682355385615,0.04585968659541151,-0.006633255075054623,0.020912154077000533
2024-10-11,0.011121402259480995,0.0009200000762939454,-0.0014866033503080356,0.004072733643964321,-0.0032535139499573654,0.003609078801184884
2024-10-18,0.008536523208438895,0.0,-0.0005140078936222148,-0.04940680382090279,0.005938412772636204,0.0058314557068746
2024-10-25,-0.009642453103212434,0.0015899991989135741,-0.0011069840661733499,0.026936629171406823,-0.0063782560994690264,0.007440373836653746
2024-11-01,-0.013656796157722972,0.0012900018692016601,-0.0020239366369141087,-0.021086578153476476,-0.0038120984822364702,0.00019179592035944992
2024-11-08,0.04656127696358747,-0.0005499982833862305,-0.0019187342746568858,0.006768876589033912,0.015859231824897718,0.006904499703984213
2024-11-15,-0.02083547454626511,0.0012199974060058594,-0.0005498367865367781,-0.020857287666130153,-0.00401606373149025,0.01609526134672623
2024-11-22,0.016815894163118683,-0.00018000125885009766,-7.020049702488595e-05,0.037936986489463864,0.002788103012901905,0.0074983166562643255
2024-11-29,0.010560638313883874,-0.0023199987411499025,0.002516993664836209,-0.020979879781300115,0.005675851601766125,-0.016280584563950873
2024-12-06,0.009596566834872311,-0.0002699995040893555,0.0002866748381673001,-0.007896140319215705,0.0027387111716555834,0.0021751783769650146
2024-12-13,-0.006433241162641545,0.0024800014495849607,-0.002613027248783456,0.02788441308955414,-0.004072043557448535,0.009719720368330576
2024-12-20,-0.019870758689518042,0.00125,-0.0007351454610937946,-0.01323445108970045,-0.016473570066919487,0.005794418192355488
2024-12-27,0.006742666807504127,0.0009499979019165039,-0.0013352930720278988,0.007568621949671561,0.0065631827913111345,0.0035309165928267827
2025-01-03,-0.004751363233422845,-0.0002299976348876953,-0.0005718322796410824,0.019313246364466963,-0.0005642612967208471,0.008796268039279465
2025-01-10,-0.019424611585417084,0.0017999982833862304,-0.0013997231720489778,0.03130184884792353,-0.010570371767454812,0.006425007776450498
2025-01-17,0.029109138782370536,-0.0016699981689453124,0.00010506590218722911,0.012242414887289721,0.009135108703248974,-0.002736005905909722
2025-01-24,0.017439720677851378,0.0001699972152709961,-0.0008583536102962364,-0.011800136800018013,0.003506574410870239,-0.01746681352873425
2025-01-31,-0.00995050954996024,-0.0005700016021728516,0.0015810657667938155,-0.016143207447926078,-0.005319864926325613,0.008655996686922629
2025-02-07,-0.002406999269663257,-0.000819997787475586,0.0011531257209577706,0.002331288436850709,-0.0003347553509080226,-0.0030451400082214253
2025-02-14,0.014709557266100237,-0.00014999866485595703,-0.0008085910115497308,0.011007958422013076,0.005350666142049727,-0.013606083008574466
2025-02-21,-0.01659953291454397,-0.0005200004577636719,0.0013895716585645979,-5.262852695542275e-05,-0.011645221801265383,0.00037534874394196116
2025-02-28,-0.009750310396601236,-0.0018900012969970703,0.002788507158015152,-0.027783643564993188,-0.003898957022751182,0.009379983062329122
2025-03-07,-0.03095134850743131,0.0008599996566772461,-0.0007636670902031184,-0.004100616823532466,-0.009526240036580681,-0.035033958285270006
2025-03-14,-0.022747954917210822,-8.999824523925782e-05,0.002031992880041328,0.0006892762411261355,0.00342319281988141,-0.0011555770552711397
2025-03-21,0.005075442811040665,-0.0005600023269653321,0.0003513008442236898,0.011836299793038796,0.0057188785456138425,0.003567249448832799
2025-03-28,-0.015283493477260546,3.0002593994140626e-05,0.0015095682690356715,0.004102395440305662,-0.006146262571262173,-0.0004803095794237988
2025-04-04,-0.09081980250687571,-0.0027000021934509275,0.00996367846550894,-0.06745641808324498,-0.054642037347913175,-0.009803962547915601
2025-04-11,0.05701127705953479,0.005080001354217529,-0.007831425834018524,0.004706257662235647,0.008552195724020007,-0.03145018413265099
2025-04-18,-0.015039018455756392,-0.0015999984741210938,-0.00022747001719347626,0.02545901598761824,0.010529820907282446,-0.0040088347441621375
2025-04-25,0.04590640328977713,-0.0006700038909912109,-0.0018152395728903703,-0.00245113039646494,0.008111297686048352,0.0009056547572208196
2025-05-02,0.02922241183212959,0.0005600023269653321,-0.0010745818560501108,-0.03170087786959008,0.004347825753107082,0.005328227332790814
2025-05-09,-0.004705700522912859,0.0005299997329711914,-0.0009557700032234162,0.021819440926033495,0.0017195782102073067,0.0033999633789063566
2025-05-16,0.052734004307985805,0.0006599998474121093,-0.0037758610751488786,0.002953636111847402,0.010639269243340849,0.007474586679018902
2025-05-23,-0.026107777894873285,0.0006799983978271484,0.0009474309696003713,0.0035641052355595004,-0.014646175207233325,-0.019586465518516616
2025-05-30,0.018761588414845765,-0.0009299993515014648,0.00016961220936234644,-0.019308443158586486,0.008344551520659094,0.002219768129838373
2025-06-06,0.014999081946761805,0.0009400033950805664,-0.0023238315992180625,0.03876727756112497,0.004846524681317677,-0.0014094370992416838
2025-06-13,-0.003898040945949144,-0.0008600044250488281,0.0018961631792675515,0.04293492405574195,-0.012075131563832487,-0.010182499358512453
2025-06-20,-0.001527591867711675,-0.0004899978637695312,-0.000564129496905097,0.0221495530520317,0.0004803046554331614,0.005398235665608819
2025-06-27,0.034389324419234146,-0.0009200000762939454,0.0003960244559952364,-0.060740065451538316,0.010426772476719848,-0.013271173850105122
2025-07-04,0.01721676191325927,0.0006500005722045899,-0.0021371131064943094,0.01255240935685209,-0.00018382189664321036,-0.0022587393968845904
2025-07-11,-0.0031213576805608767,0.0007499980926513671,-0.00010320093989185652,-0.002117386193943971,-6.105146150305885e-05,0.006894403857185649
2025-07-18,0.005917175456288115,9.000301361083984e-05,-0.00047523267047205886,0.0004170921899930846,-3.048850339769649e-05,0.006438476163892037
2025-07-25,0.01458681281834906,-0.0004600000381469727,0.00015279707650645014,-0.011874094215125863,0.004509444107245764,-0.008428125535763886
2025-08-01,-0.023577845655760266,-0.001660003662109375,0.003634460723459687,0.0009356775437501241,-0.018251837723343746,0.010650290827202147
2025-08-08,0.024277042739179855,0.0006500005722045899,-0.00153403444719577,-0.013875155040680598,0.012831206471059543,-0.005167718346478556
2025-08-15,0.009445195991867106,0.00043000221252441405,-0.001141154139116557,-0.007044551204820615,0.00019801804439980588,-0.0033611919945908397
2025-08-22,0.0026528500233549135,-0.0006799983978271484,0.0002058609416382695,0.020366151547072553,0.002882703368991946,-0.0013285360801753576
2025-08-29,-0.0010283722000641315,-0.00032999992370605466,0.0009610326292749938,0.008457249299568037,-0.004008436597190845,0.000511619133634289
2025-09-05,0.003287829769325956,-0.0014100027084350585,0.0012416722789777013,-0.01167896470628993,0.0005859354020988416,0.0
2025-09-12,0.015858989286816394,-0.0002500009536743164,0.00023841543997665804,0.009313622123062748,0.0013833994329721544,-0.00225011352011939
2025-09-19,0.012160737717160197,0.0007800006866455078,-0.00182866442975263,-0.00439495441201776,-0.002337396916272183,0.0009225662232206222
2025-09-26,-0.0031000228667991125,0.0004799985885620117,-0.0005068939261656802,0.02839139819519554,0.0005177988653312483,0.005223291063278568
2025-10-03,0.010850857448513995,-0.0006799983978271484,0.0007981779024302527,-0.027037604391869974,-0.004447350098333236,-0.004381052455331935
2025-10-10,-0.024312891333376663,-0.0006799983978271484,0.004074963900211004,-0.011532947095416635,-0.015045046077076364,0.01289400450768241
2025-10-17,0.017016380591287072,-0.0004400014877319336,-0.0011694795060368524,-0.00020380469338587837,0.0020313923521835643,-0.005556708760399154
2025-10-24,0.01915966216614251,-9.999990463256836e-05,-0.0008582691598854608,0.03573222179284752,0.010611163863546559,0.005282908071260639
2025-10-31,0.007142589594749005,0.0010399985313415527,-0.0007778853947004172,-0.003827332318154797,-0.003268172388420987,0.008590259016988622
2025-11-07,-0.016286130148842948,-7.999897003173829e-05,0.0005594938113372971,-0.006086202241359917,-0.004701832968541986,-0.0020040538228540683
2025-11-14,0.0007891538978541668,0.0005499982833862305,-0.0003040165028866948,0.010241946668848145,-0.0019654088128904013,-0.003313271446890975
2025-11-21,-0.019470966700617653,-0.0008499956130981445,0.0014767239394387621,-0.02302961702209394,-0.009077156821281818,0.009166955705472324
2025-11-28,0.03727093341647114,-0.0004600000381469727,-0.001131202261964337,0.016050435769102034,0.015108834467539578,-0.007187075449289315
2025-12-05,0.003111370865312324,0.0012199974060058594,-0.002326878035708635,0.01721994677824812,0.0028746193031376544,-0.004725530112904441
2025-12-12,-0.006257240729041769,0.0005499982833862305,-0.00016829798127140916,-0.03403391243222398,-0.0010707330531267822,-0.005960161133679143
2025-12-19,0.0010384382346664278,-0.000429997444152832,0.000411546689997655,-0.006067711864748082,0.0026365944592611993,0.00203248927988664
2025-12-26,0.013964436521508583,-0.00014999866485595703,-0.00022706263945432292,0.015123592811540076,0.0043930230695802324,-0.005882371602743186
2026-01-02,-0.010313181234871904,0.0005099964141845703,-0.0011503657461281735,-0.0043786956264275645,-0.0033455875804680236,0.0040808155435414495
2026-01-09,0.015719186193907886,-0.00015999794006347657,-0.0004502470203381348,0.021588016753342654,6.891956391517074e-05,0.0072139717301547
2026-01-16,-0.0037710256178952184,0.0005999994277954101,-0.0012382900804291108,0.005537450511557296,-0.004727397885436135,0.0026228401435923754
2026-01-23,-0.0035158311252826424,7.999897003173829e-05,-0.00010208571828834723,0.03766079167670067,-0.0007250961566503289,-0.01800986946895755
2026-01-30,0.0033865302320406077,2.0003318786621095e-05,3.557871983644878e-05,0.02408752900402944,-0.004195153414130315,-0.006250006351314674
2026-02-06,-0.0009698734084044869,-0.0003500032424926758,0.0008799168050959705,-0.020963202287173077,-0.008400229975492102,0.006598612266672799
2026-02-13,-0.013866954044240654,-0.0014999961853027343,0.002842794652123559,-0.0030735913140718107,-0.0005645545723133694,-0.00768206515517178
2026-02-20,0.01072820666954466,0.00029999732971191406,-0.0007724129763642396,0.03163489339833436,0.0036650490313585695,0.00949634418272427
2026-02-27,-0.0044330037660391675,-0.0012400007247924804,0.0031816545402138796,0.01424494784418684,-0.002016763885827655,-0.0019427651889304398
2026-03-06,-0.02018640616595213,0.0017100000381469727,-0.0012368546759431165,0.1468816121832921,-0.02424471013295737,0.014137867480677135
2026-03-13,-0.015998480392124925,0.0015199995040893555,-0.0006918810621763805,0.03172855903090843,0.003899625728910844,0.013839809840863193
2026-03-20,-0.018954517594959808,0.0010599994659423828,-0.0009730515711024179,0.0183853572362791,0.0007539533640290863,-0.007074522520473359
2026-03-27,-0.02115274053338201,0.0004900026321411132,-0.00010424541952547273,0.004183870070695095,-0.00797236452750425,0.005017561388297231
2026-04-03,0.033575895251278354,-0.0012699985504150391,-0.0013099778376856608,0.04409999253604657,0.01156199448349305,-0.0011982301023831798
2026-04-10,0.03557819028347975,3.999710083007812e-05,-0.001230653011733751,-0.08701402211967846,0.009719315320196042,-0.013795833952400138
2026-04-17,0.04535351394467635,-0.0007100009918212891,-0.000425427604204498,-0.036286499984885645,0.004550182115595841,-0.005575296941212171
2026-04-24,0.0054756792968919665,0.0006400012969970703,-0.00043726675443114815,0.07297894174688002,-0.0035183054188998144,0.004179446161943989
2026-05-01,0.009077363874978595,0.0006799983978271484,-0.001326866204013677,0.04349079626900343,0.004596470864560093,-0.003045407017075674
2026-05-08,0.023348167922197183,-0.0001399993896484375,0.0003307098380407325,-0.03700921222703557,-0.0005885837717297671,-0.0037674651260690695
2026-05-15,0.0012934064778817866,0.002309999465942383,-0.00169608679336139,0.025880485930555475,-0.003606747331570526,0.014615702766762828
2026-05-22,0.00876968547529855,-0.00036999702453613284,-0.000426652037169184,-0.025933198207037322,0.004693433297856442,0.0005037075999669849
2026-05-29,0.014262429726192183,-0.0010500001907348634,0.0007991164463971856,-0.050718873992781854,0.004131739536137402,-0.0041280309502076395
2026-06-05,-0.025899507748118222,0.0008299970626831055,-0.0004158850701819483,-0.001079804759910874,-0.020202352014892257,0.011727792839615558
2026-06-12,0.0064628122127510235,-0.0004899978637695312,-0.0001097962723457524,-0.038381719468588926,0.008902835618205734,-0.0031977585270320796
2026-06-19,0.009301014545031627,-0.0003599977493286133,0.00025890357310021095,-0.03745558258206916,0.0036199113816496654,0.011027553625274189
2026-06-26,-0.01953982986211744,-0.0007899999618530273,0.0023375349640261667,-0.04037681747570876,-0.006128049620838849,0.00505703662812973
2026-07-03,0.017571371100508104,0.0011299991607666017,-0.002358365862619255,0.0013792259220788416,0.006137969167880042,-0.004932912361771846
2026-07-10,0.012314171329212531,0.000839996337890625,-0.001301544514621944,0.029054305188047636,0.003467491987659277,0.0010906267071773001
2026-07-17,-0.0056499127036760965,-0.00015999794006347657,0.00023669471276016596,0.043631415503381676,-0.004324684676750401,-0.002525550953050959
